<?xml version="1.0" encoding="UTF-8" standalone="yes"?>
<addon id="plugin.video.cyber.filmes" name="Cyber Filmes" version="1.0.1" provider-name="Cyber Streaming">
    <requires>
    </requires>
    <extension point="xbmc.python.pluginsource"
               library="default.py">
        <provides>video</provides>
    </extension>
    <extension point="xbmc.addon.metadata">
        <platform>all</platform>
        <summary>Add-on Cyber Filmes</summary>
        <description>[COLOR white][B]Os melhores filmes você encontra aqui,Novidades toda semana! E ainda você escolhe a resolução de cada filme conforme sua internet.[/COLOR][/B] [COLOR lawngreen][B]720p - 480p - 360p[/COLOR][/B].</description>
    </extension>
</addon>